Workbook

Sheet Leads
A1: ID | B1: Fecha | C1: Cliente | D1: Telefono | E1: Producto | F1: Valor USD | G1: Estado | H1: Fuente | I1: Prioridad | J1: Notas | K1: Fecha Seguimiento
A2: 1 | B2: 46194 | C2: David Suárez | D2: 0928728463 | E2: Tulipán con Queso | F2: 24 | G2: Nuevo Lead | H2: Google | I2: Alta | J2: Consultó precios | K2: 46199
A3: 2 | B3: 46193 | C3: Carla Reyes | D3: 0941227216 | E3: Helado con Queso | F3: 18 | G3: Propuesta | H3: Referido | I3: Baja | J3: Cotización enviada | K3: 46196
A4: 3 | B4: 46106 | C4: Kevin Rodríguez | D4: 0939587039 | E4: Helado con Queso | F4: 28 | G4: Contactado | H4: WhatsApp | I4: Baja | J4: Se le envió catálogo | K4: 46116
A5: 4 | B5: 46108 | C5: Patricia González | D5: 0930868105 | E5: Waffle | F5: 27 | G5: Contactado | H5: Instagram | I5: Media | J5: Solicitó precios | K5: 46115
A6: 5 | B6: 46185 | C6: Diego Salazar | D6: 0945503389 | E6: Waffle | F6: 26 | G6: Propuesta | H6: Facebook | I6: Baja | J6: Esperando confirmación de pedido | K6: 46192
A7: 6 | B7: 46079 | C7: Tomás Herrera | D7: 0949349722 | E7: Helado con Queso | F7: 24 | G7: Nuevo Lead | H7: Google | I7: Baja | J7: Preguntó por el menú | K7: 46082
A8: 7 | B8: 46107 | C8: Eduardo Paredes | D8: 0940587988 | E8: Helado con Queso | F8: 19 | G8: Contactado | H8: TikTok | I8: Alta | J8: Solicitó precios | K8: 46109
A9: 8 | B9: 46162 | C9: Juan Tomalá | D9: 0959684848 | E9: Waffle | F9: 28 | G9: Propuesta | H9: TikTok | I9: Alta | J9: Esperando confirmación de pedido | K9: 46169
A10: 9 | B10: 46115 | C10: Diego Salazar | D10: 0995225343 | E10: Tulipán con Queso | F10: 21 | G10: Perdido | H10: Instagram | I10: Baja | J10: Precio fuera de presupuesto
A11: 10 | B11: 46138 | C11: Valentina Gómez | D11: 0995899313 | E11: Banana Split | F11: 20 | G11: Contactado | H11: Google | I11: Baja | J11: Solicitó precios | K11: 46144
A12: 11 | B12: 46090 | C12: Iván Cabrera | D12: 0914308421 | E12: Tulipán con Queso | F12: 20 | G12: Interesado | H12: TikTok | I12: Media | J12: Pidió muestra | K12: 46095
A13: 12 | B13: 46081 | C13: Carla Reyes | D13: 0997971488 | E13: Waffle | F13: 30 | G13: Contactado | H13: WhatsApp | I13: Media | J13: Llamada de seguimiento realizada | K13: 46088
A14: 13 | B14: 46164 | C14: Mateo Bravo | D14: 0985345555 | E14: Sundae | F14: 13 | G14: Contactado | H14: Referido | I14: Media | J14: Llamada de seguimiento realizada | K14: 46169
A15: 14 | B15: 46083 | C15: Roberto Castillo | D15: 0939436733 | E15: Helado con Queso | F15: 27 | G15: Propuesta | H15: Instagram | I15: Baja | J15: Esperando confirmación de pedido | K15: 46091
A16: 15 | B16: 46087 | C16: Natalia Cordero | D16: 0931472420 | E16: Waffle | F16: 22 | G16: Nuevo Lead | H16: Google | I16: Media | J16: Consultó precios | K16: 46091
A17: 16 | B17: 46121 | C17: Patricia González | D17: 0984252722 | E17: Sundae | F17: 18 | G17: Propuesta | H17: Facebook | I17: Baja | J17: Cotización enviada | K17: 46131
A18: 17 | B18: 46101 | C18: Joaquín Reyes | D18: 0996028436 | E18: Tulipán con Queso | F18: 24 | G18: Ganado | H18: TikTok | I18: Alta | J18: Pedido entregado
A19: 18 | B19: 46139 | C19: Isabel Navarro | D19: 0933978249 | E19: Sundae | F19: 11 | G19: Contactado | H19: Referido | I19: Alta | J19: Llamada de seguimiento realizada | K19: 46145
A20: 19 | B20: 46133 | C20: Carla Reyes | D20: 0930513739 | E20: Helado Soft | F20: 25 | G20: Perdido | H20: TikTok | I20: Alta | J20: Precio fuera de presupuesto
A21: 20 | B21: 46121 | C21: María López | D21: 0925014631 | E21: Helado con Queso | F21: 23 | G21: Nuevo Lead | H21: TikTok | I21: Media | J21: Primera consulta | K21: 46130
A22: 21 | B22: 46085 | C22: Andrea Torres | D22: 0975228535 | E22: Waffle | F22: 30 | G22: Contactado | H22: Facebook | I22: Baja | J22: Solicitó precios | K22: 46088
A23: 22 | B23: 46137 | C23: Juan Tomalá | D23: 0945575298 | E23: Banana Split | F23: 22 | G23: Perdido | H23: Referido | I23: Baja | J23: Eligió otra opción
A24: 23 | B24: 46101 | C24: Lucía Fonseca | D24: 0951837852 | E24: Banana Split | F24: 17 | G24: Ganado | H24: WhatsApp | I24: Baja | J24: Cliente satisfecho
A25: 24 | B25: 46082 | C25: Luis Vera | D25: 0943273328 | E25: Helado Soft | F25: 24 | G25: Propuesta | H25: Instagram | I25: Alta | J25: Esperando confirmación de pedido | K25: 46091
A26: 25 | B26: 46127 | C26: Camila Vargas | D26: 0939557077 | E26: Waffle | F26: 24 | G26: Ganado | H26: Facebook | I26: Alta | J26: Cliente satisfecho
A27: 26 | B27: 46168 | C27: Gabriela Ortiz | D27: 0954349361 | E27: Tulipán con Queso | F27: 21 | G27: Nuevo Lead | H27: Facebook | I27: Baja | J27: Primera consulta | K27: 46170
A28: 27 | B28: 46135 | C28: Tomás Herrera | D28: 0927758595 | E28: Helado Soft | F28: 19 | G28: Perdido | H28: Google | I28: Baja | J28: Precio fuera de presupuesto
A29: 28 | B29: 46097 | C29: Carla Reyes | D29: 0922660194 | E29: Sundae | F29: 18 | G29: Contactado | H29: Facebook | I29: Baja | J29: Se le envió catálogo | K29: 46105
A30: 29 | B30: 46145 | C30: Eduardo Paredes | D30: 0997705310 | E30: Helado Soft | F30: 23 | G30: Propuesta | H30: Google | I30: Alta | J30: Cotización enviada | K30: 46147
A31: 30 | B31: 46154 | C31: David Suárez | D31: 0935714784 | E31: Sundae | F31: 12 | G31: Perdido | H31: Instagram | I31: Baja | J31: Eligió otra opción
A32: 31 | B32: 46174 | C32: David Suárez | D32: 0920117988 | E32: Banana Split | F32: 18 | G32: Propuesta | H32: WhatsApp | I32: Baja | J32: Cotización enviada | K32: 46183
A33: 32 | B33: 46128 | C33: Andrea Torres | D33: 0941726318 | E33: Waffle | F33: 21 | G33: Perdido | H33: Instagram | I33: Media | J33: Eligió otra opción
A34: 33 | B34: 46087 | C34: Juan Tomalá | D34: 0960864911 | E34: Sundae | F34: 17 | G34: Contactado | H34: Facebook | I34: Media | J34: Se le envió catálogo | K34: 46089
A35: 34 | B35: 46143 | C35: María Zambrano | D35: 0935487660 | E35: Sundae | F35: 19 | G35: Interesado | H35: TikTok | I35: Alta | J35: Interesado en promoción | K35: 46152
A36: 35 | B36: 46128 | C36: Mateo Bravo | D36: 0952091325 | E36: Helado con Queso | F36: 18 | G36: Perdido | H36: Facebook | I36: Alta | J36: Precio fuera de presupuesto
A37: 36 | B37: 46080 | C37: Juan Tomalá | D37: 0917634247 | E37: Sundae | F37: 19 | G37: Ganado | H37: Referido | I37: Alta | J37: Compra realizada
A38: 37 | B38: 46189 | C38: Gabriela Ortiz | D38: 0941568532 | E38: Waffle | F38: 31 | G38: Ganado | H38: WhatsApp | I38: Alta | J38: Cliente satisfecho
A39: 38 | B39: 46121 | C39: Diego Salazar | D39: 0921003626 | E39: Banana Split | F39: 14 | G39: Ganado | H39: WhatsApp | I39: Baja | J39: Cliente satisfecho
A40: 39 | B40: 46157 | C40: Carla Reyes | D40: 0999889098 | E40: Helado con Queso | F40: 22 | G40: Ganado | H40: Google | I40: Media | J40: Compra realizada
A41: 40 | B41: 46181 | C41: Daniela Cedeño | D41: 0952436584 | E41: Helado Soft | F41: 26 | G41: Propuesta | H41: Facebook | I41: Alta | J41: Esperando confirmación de pedido | K41: 46187
A42: 41 | B42: 46185 | C42: Tomás Herrera | D42: 0938609087 | E42: Helado con Queso | F42: 19 | G42: Ganado | H42: Referido | I42: Media | J42: Compra realizada
A43: 42 | B43: 46085 | C43: Jorge Mendoza | D43: 0931172421 | E43: Helado Soft | F43: 19 | G43: Nuevo Lead | H43: WhatsApp | I43: Baja | J43: Preguntó por el menú | K43: 46092
A44: 43 | B44: 46130 | C44: Eduardo Paredes | D44: 0984437458 | E44: Helado con Queso | F44: 18 | G44: Perdido | H44: TikTok | I44: Baja | J44: No respondió
A45: 44 | B45: 46183 | C45: María Zambrano | D45: 0946553958 | E45: Banana Split | F45: 15 | G45: Interesado | H45: TikTok | I45: Baja | J45: Interesado en promoción | K45: 46193
A46: 45 | B46: 46171 | C46: Isabel Navarro | D46: 0975569635 | E46: Tulipán con Queso | F46: 30 | G46: Interesado | H46: TikTok | I46: Alta | J46: Interesado en promoción | K46: 46177
A47: 46 | B47: 46091 | C47: María López | D47: 0954769200 | E47: Tulipán con Queso | F47: 24 | G47: Propuesta | H47: Instagram | I47: Baja | J47: Esperando confirmación de pedido | K47: 46093
A48: 47 | B48: 46141 | C48: Lucía Fonseca | D48: 0967403166 | E48: Banana Split | F48: 22 | G48: Perdido | H48: Referido | I48: Alta | J48: No respondió
A49: 48 | B49: 46082 | C49: Tomás Herrera | D49: 0914835614 | E49: Waffle | F49: 23 | G49: Perdido | H49: TikTok | I49: Baja | J49: Precio fuera de presupuesto
A50: 49 | B50: 46181 | C50: Roberto Castillo | D50: 0915354599 | E50: Banana Split | F50: 14 | G50: Propuesta | H50: TikTok | I50: Alta | J50: Cotización enviada | K50: 46187
A51: 50 | B51: 46152 | C51: Diego Salazar | D51: 0930743797 | E51: Tulipán con Queso | F51: 28 | G51: Nuevo Lead | H51: Instagram | I51: Alta | J51: Primera consulta | K51: 46160
A52: 51 | B52: 46175 | C52: Renata Morales | D52: 0999913412 | E52: Sundae | F52: 16 | G52: Nuevo Lead | H52: Google | I52: Alta | J52: Preguntó por el menú | K52: 46183
A53: 52 | B53: 46184 | C53: Gabriela Ortiz | D53: 0915197528 | E53: Banana Split | F53: 20 | G53: Perdido | H53: WhatsApp | I53: Alta | J53: No respondió
A54: 53 | B54: 46158 | C54: María López | D54: 0998588154 | E54: Sundae | F54: 14 | G54: Interesado | H54: Instagram | I54: Media | J54: Pidió muestra | K54: 46163
A55: 54 | B55: 46099 | C55: Natalia Cordero | D55: 0978371272 | E55: Helado Soft | F55: 20 | G55: Nuevo Lead | H55: WhatsApp | I55: Baja | J55: Preguntó por el menú | K55: 46106
A56: 55 | B56: 46085 | C56: Camila Vargas | D56: 0945630292 | E56: Waffle | F56: 25 | G56: Nuevo Lead | H56: Facebook | I56: Alta | J56: Escribió por redes | K56: 46089
A57: 56 | B57: 46097 | C57: Kevin Rodríguez | D57: 0991363974 | E57: Helado Soft | F57: 21 | G57: Perdido | H57: Referido | I57: Alta | J57: Eligió otra opción
A58: 57 | B58: 46165 | C58: María López | D58: 0979782527 | E58: Helado con Queso | F58: 18 | G58: Contactado | H58: Referido | I58: Baja | J58: Llamada de seguimiento realizada | K58: 46173
A59: 58 | B59: 46112 | C59: Roberto Castillo | D59: 0967887757 | E59: Tulipán con Queso | F59: 23 | G59: Perdido | H59: Facebook | I59: Baja | J59: Eligió otra opción
A60: 59 | B60: 46113 | C60: Isabel Navarro | D60: 0951511484 | E60: Helado con Queso | F60: 19 | G60: Interesado | H60: Google | I60: Media | J60: Pidió muestra | K60: 46119
A61: 60 | B61: 46160 | C61: María Zambrano | D61: 0935748341 | E61: Sundae | F61: 19 | G61: Perdido | H61: WhatsApp | I61: Baja | J61: Eligió otra opción
A62: 61 | B62: 46082 | C62: Diego Salazar | D62: 0986384014 | E62: Tulipán con Queso | F62: 22 | G62: Perdido | H62: TikTok | I62: Media | J62: Precio fuera de presupuesto
A63: 62 | B63: 46161 | C63: Renata Morales | D63: 0987844239 | E63: Waffle | F63: 24 | G63: Interesado | H63: Referido | I63: Baja | J63: Pidió muestra | K63: 46169
A64: 63 | B64: 46141 | C64: Isabel Navarro | D64: 0973509974 | E64: Sundae | F64: 21 | G64: Propuesta | H64: Google | I64: Alta | J64: Cotización enviada | K64: 46146
A65: 64 | B65: 46113 | C65: Diego Salazar | D65: 0954988206 | E65: Helado Soft | F65: 26 | G65: Ganado | H65: Facebook | I65: Alta | J65: Cliente satisfecho
A66: 65 | B66: 46094 | C66: María López | D66: 0916202700 | E66: Helado Soft | F66: 19 | G66: Contactado | H66: Instagram | I66: Media | J66: Llamada de seguimiento realizada | K66: 46098
A67: 66 | B67: 46144 | C67: Lucía Fonseca | D67: 0961536717 | E67: Waffle | F67: 31 | G67: Propuesta | H67: WhatsApp | I67: Media | J67: Cotización enviada | K67: 46149
A68: 67 | B68: 46109 | C68: Ricardo Salas | D68: 0924305904 | E68: Banana Split | F68: 14 | G68: Perdido | H68: WhatsApp | I68: Alta | J68: No respondió
A69: 68 | B69: 46138 | C69: Tomás Herrera | D69: 0943446826 | E69: Tulipán con Queso | F69: 20 | G69: Ganado | H69: Facebook | I69: Media | J69: Compra realizada
A70: 69 | B70: 46130 | C70: Diego Salazar | D70: 0952587010 | E70: Sundae | F70: 19 | G70: Perdido | H70: WhatsApp | I70: Baja | J70: Precio fuera de presupuesto
A71: 70 | B71: 46091 | C71: Ricardo Salas | D71: 0931361812 | E71: Helado con Queso | F71: 26 | G71: Propuesta | H71: Google | I71: Media | J71: Esperando confirmación de pedido | K71: 46100
A72: 71 | B72: 46090 | C72: Joaquín Reyes | D72: 0979967676 | E72: Helado Soft | F72: 26 | G72: Contactado | H72: WhatsApp | I72: Baja | J72: Solicitó precios | K72: 46096
A73: 72 | B73: 46188 | C73: Patricia González | D73: 0955076693 | E73: Helado Soft | F73: 20 | G73: Propuesta | H73: TikTok | I73: Baja | J73: Cotización enviada | K73: 46193
A74: 73 | B74: 46168 | C74: Lucía Fonseca | D74: 0938716269 | E74: Banana Split | F74: 20 | G74: Contactado | H74: Facebook | I74: Media | J74: Se le envió catálogo | K74: 46172
A75: 74 | B75: 46138 | C75: Carlos Vera | D75: 0937760841 | E75: Helado Soft | F75: 22 | G75: Ganado | H75: WhatsApp | I75: Media | J75: Cliente satisfecho
A76: 75 | B76: 46088 | C76: Fernando Vega | D76: 0910791358 | E76: Tulipán con Queso | F76: 29 | G76: Nuevo Lead | H76: TikTok | I76: Media | J76: Escribió por redes | K76: 46096
A77: 76 | B77: 46102 | C77: Renata Morales | D77: 0990967191 | E77: Sundae | F77: 19 | G77: Ganado | H77: Instagram | I77: Media | J77: Compra realizada
A78: 77 | B78: 46135 | C78: Paola Vera | D78: 0999774697 | E78: Helado Soft | F78: 16 | G78: Propuesta | H78: Google | I78: Media | J78: Cotización enviada | K78: 46143
A79: 78 | B79: 46118 | C79: Valentina Gómez | D79: 0962884503 | E79: Sundae | F79: 19 | G79: Contactado | H79: Referido | I79: Baja | J79: Llamada de seguimiento realizada | K79: 46120
A80: 79 | B80: 46115 | C80: Gabriela Ortiz | D80: 0971968116 | E80: Waffle | F80: 27 | G80: Nuevo Lead | H80: Instagram | I80: Alta | J80: Preguntó por el menú | K80: 46119
A81: 80 | B81: 46170 | C81: Paola Vera | D81: 0960885459 | E81: Sundae | F81: 18 | G81: Interesado | H81: TikTok | I81: Media | J81: Pidió muestra | K81: 46177
A82: 81 | B82: 46195 | C82: Roberto Castillo | D82: 0940094589 | E82: Waffle | F82: 29 | G82: Propuesta | H82: Google | I82: Alta | J82: Cotización enviada | K82: 46197
A83: 82 | B83: 46172 | C83: David Suárez | D83: 0926941092 | E83: Waffle | F83: 21 | G83: Contactado | H83: WhatsApp | I83: Baja | J83: Solicitó precios | K83: 46176
A84: 83 | B84: 46138 | C84: Juan Tomalá | D84: 0991321540 | E84: Helado con Queso | F84: 22 | G84: Contactado | H84: Referido | I84: Baja | J84: Llamada de seguimiento realizada | K84: 46145
A85: 84 | B85: 46158 | C85: Valentina Gómez | D85: 0951870192 | E85: Waffle | F85: 22 | G85: Contactado | H85: Referido | I85: Baja | J85: Se le envió catálogo | K85: 46160
A86: 85 | B86: 46172 | C86: Camila Vargas | D86: 0994187049 | E86: Sundae | F86: 12 | G86: Perdido | H86: Instagram | I86: Alta | J86: Precio fuera de presupuesto
A87: 86 | B87: 46121 | C87: Renata Morales | D87: 0985958181 | E87: Helado Soft | F87: 17 | G87: Perdido | H87: Facebook | I87: Media | J87: Precio fuera de presupuesto
A88: 87 | B88: 46150 | C88: Isabel Navarro | D88: 0996911784 | E88: Sundae | F88: 12 | G88: Perdido | H88: TikTok | I88: Alta | J88: Eligió otra opción
A89: 88 | B89: 46142 | C89: Lucía Fonseca | D89: 0930534124 | E89: Sundae | F89: 16 | G89: Nuevo Lead | H89: WhatsApp | I89: Alta | J89: Preguntó por el menú | K89: 46151
A90: 89 | B90: 46098 | C90: Daniela Cedeño | D90: 0968461818 | E90: Helado con Queso | F90: 25 | G90: Ganado | H90: Google | I90: Baja | J90: Pedido entregado
A91: 90 | B91: 46091 | C91: Ricardo Salas | D91: 0970505620 | E91: Helado Soft | F91: 17 | G91: Contactado | H91: Instagram | I91: Media | J91: Llamada de seguimiento realizada | K91: 46097
A92: 91 | B92: 46149 | C92: María López | D92: 0976344695 | E92: Helado con Queso | F92: 23 | G92: Perdido | H92: TikTok | I92: Alta | J92: Eligió otra opción
A93: 92 | B93: 46095 | C93: Patricia González | D93: 0990014570 | E93: Banana Split | F93: 18 | G93: Interesado | H93: Google | I93: Media | J93: Preguntó por pedidos grandes | K93: 46102
A94: 93 | B94: 46173 | C94: David Suárez | D94: 0964549859 | E94: Waffle | F94: 22 | G94: Ganado | H94: WhatsApp | I94: Baja | J94: Compra realizada
A95: 94 | B95: 46115 | C95: Renata Morales | D95: 0912314351 | E95: Tulipán con Queso | F95: 27 | G95: Propuesta | H95: Facebook | I95: Media | J95: Cotización enviada | K95: 46124
A96: 95 | B96: 46166 | C96: Eduardo Paredes | D96: 0988055069 | E96: Sundae | F96: 15 | G96: Perdido | H96: TikTok | I96: Media | J96: Precio fuera de presupuesto
A97: 96 | B97: 46143 | C97: Roberto Castillo | D97: 0970900658 | E97: Helado con Queso | F97: 26 | G97: Interesado | H97: TikTok | I97: Media | J97: Pidió muestra | K97: 46150
A98: 97 | B98: 46105 | C98: Luis Vera | D98: 0981922443 | E98: Banana Split | F98: 17 | G98: Nuevo Lead | H98: Google | I98: Alta | J98: Primera consulta | K98: 46112
A99: 98 | B99: 46136 | C99: Mateo Bravo | D99: 0989133014 | E99: Banana Split | F99: 18 | G99: Perdido | H99: Referido | I99: Baja | J99: Eligió otra opción
A100: 99 | B100: 46160 | C100: Juan Tomalá | D100: 0950569669 | E100: Waffle | F100: 24 | G100: Contactado | H100: Facebook | I100: Baja | J100: Llamada de seguimiento realizada | K100: 46167
...

Sheet Dashboard
A1: Fantasías Heladas CRM | V1: Por Estado | Y1: Por Fuente | AB1: Por Producto | AE1: Por Mes
A2: Resumen de clientes potenciales — valores en USD | V2: Estado | W2: Cantidad | Y2: Fuente | Z2: Cantidad | AB2: Producto | AC2: Cantidad | AE2: Mes | AF2: Cantidad
B3: Total Leads | D3: Valor Pipeline | F3: Ingresos Ganados | H3: Tasa de Conversión | V3: Nuevo Lead | W3: =COUNTIF(Leads!G$2:G$131,V3) | Y3: Facebook | Z3: =COUNTIF(Leads!H$2:H$131,Y3) | AB3: Waffle | AC3: =COUNTIF(Leads!E$2:E$131,AB3) | AE3: 2026-01 | AF3: =SUMPRODUCT((TEXT(Leads!B$2:B$131,"yyyy-mm")=AE3)*1)
B4: =COUNTA(Leads!C2:C131) | D4: =SUMIFS(Leads!F2:F131,Leads!G2:G131,"<>Ganado",Leads!G2:G131,"<>Perdido") | F4: =SUMIFS(Leads!F2:F131,Leads!G2:G131,"Ganado") | H4: =COUNTIF(Leads!G2:G131,"Ganado")/(COUNTIF(Leads!G2:G131,"Ganado")+COUNTIF(Leads!G2:G131,"Perdido")) | V4: Contactado | W4: =COUNTIF(Leads!G$2:G$131,V4) | Y4: Instagram | Z4: =COUNTIF(Leads!H$2:H$131,Y4) | AB4: Banana Split | AC4: =COUNTIF(Leads!E$2:E$131,AB4) | AE4: 2026-02 | AF4: =SUMPRODUCT((TEXT(Leads!B$2:B$131,"yyyy-mm")=AE4)*1)
V5: Interesado | W5: =COUNTIF(Leads!G$2:G$131,V5) | Y5: TikTok | Z5: =COUNTIF(Leads!H$2:H$131,Y5) | AB5: Helado Soft | AC5: =COUNTIF(Leads!E$2:E$131,AB5) | AE5: 2026-03 | AF5: =SUMPRODUCT((TEXT(Leads!B$2:B$131,"yyyy-mm")=AE5)*1)
V6: Propuesta | W6: =COUNTIF(Leads!G$2:G$131,V6) | Y6: WhatsApp | Z6: =COUNTIF(Leads!H$2:H$131,Y6) | AB6: Sundae | AC6: =COUNTIF(Leads!E$2:E$131,AB6) | AE6: 2026-04 | AF6: =SUMPRODUCT((TEXT(Leads!B$2:B$131,"yyyy-mm")=AE6)*1)
V7: Ganado | W7: =COUNTIF(Leads!G$2:G$131,V7) | Y7: Referido | Z7: =COUNTIF(Leads!H$2:H$131,Y7) | AB7: Helado con Queso | AC7: =COUNTIF(Leads!E$2:E$131,AB7) | AE7: 2026-05 | AF7: =SUMPRODUCT((TEXT(Leads!B$2:B$131,"yyyy-mm")=AE7)*1)
V8: Perdido | W8: =COUNTIF(Leads!G$2:G$131,V8) | Y8: Google | Z8: =COUNTIF(Leads!H$2:H$131,Y8) | AB8: Tulipán con Queso | AC8: =COUNTIF(Leads!E$2:E$131,AB8) | AE8: 2026-06 | AF8: =SUMPRODUCT((TEXT(Leads!B$2:B$131,"yyyy-mm")=AE8)*1)
